Keyword,Category,Language
a,Element,HTML
abbr,Element,HTML
abstract,Keyword,JavaScript
address,Element,HTML
align-content,Property,CSS
align-items,Property,CSS
align-self,Property,CSS
area,Element,HTML
article,Element,HTML
aside,Element,HTML
async,Keyword,JavaScript
audio,Element,HTML
auto,Keyword,CSS
await,Keyword,JavaScript
b,Element,HTML
backdrop-filter,Property,CSS
background,Property,CSS
background-attachment,Property,CSS
background-blend-mode,Property,CSS
background-clip,Property,CSS
background-color,Property,CSS
background-image,Property,CSS
background-origin,Property,CSS
background-position,Property,CSS
background-repeat,Property,CSS
background-size,Property,CSS
base,Element,HTML
basefont,Element,HTML
bdi,Element,HTML
bdo,Element,HTML
big,Element,HTML
blockquote,Element,HTML
body,Element,HTML
border,Property,CSS
border-bottom,Property,CSS
border-bottom-color,Property,CSS
border-bottom-left-radius,Property,CSS
border-bottom-right-radius,Property,CSS
border-bottom-style,Property,CSS
border-bottom-width,Property,CSS
border-collapse,Property,CSS
border-color,Property,CSS
border-image,Property,CSS
border-image-outset,Property,CSS
border-image-repeat,Property,CSS
border-image-slice,Property,CSS
border-image-source,Property,CSS
border-image-width,Property,CSS
border-left,Property,CSS
border-left-color,Property,CSS
border-left-style,Property,CSS
border-left-width,Property,CSS
border-radius,Property,CSS
border-right,Property,CSS
border-right-color,Property,CSS
border-right-style,Property,CSS
border-right-width,Property,CSS
border-spacing,Property,CSS
border-style,Property,CSS
border-top,Property,CSS
border-top-color,Property,CSS
border-top-left-radius,Property,CSS
border-top-right-radius,Property,CSS
border-top-style,Property,CSS
border-top-width,Property,CSS
border-width,Property,CSS
bottom,Property,CSS
br,Element,HTML
break,Keyword,JavaScript
button,Element,HTML
byte,Keyword,JavaScript
c,Keyword,JavaScript
caption,Element,HTML
case,Keyword,JavaScript
catch,Keyword,JavaScript
center,Property,CSS
char,Keyword,JavaScript
cite,Element,HTML
class,Keyword,JavaScript
class,Attribute,HTML
.clearfix,Selector,CSS
clip,Property,CSS
clip-path,Property,CSS
code,Element,HTML
col,Element,HTML
colgroup,Element,HTML
color,Property,CSS
column-count,Property,CSS
column-fill,Property,CSS
column-gap,Property,CSS
column-rule,Property,CSS
column-rule-color,Property,CSS
column-rule-style,Property,CSS
column-rule-width,Property,CSS
column-span,Property,CSS
column-width,Property,CSS
columns,Property,CSS
comment,Keyword,JavaScript
const,Keyword,JavaScript
content,Property,CSS
continue,Keyword,JavaScript
counter-increment,Property,CSS
counter-reset,Property,CSS
cursor,Property,CSS
datalist,Element,HTML
dd,Element,HTML
debugger,Keyword,JavaScript
del,Element,HTML
details,Element,HTML
dfn,Element,HTML
dialog,Element,HTML
dir,Element,HTML
display,Property,CSS
div,Element,HTML
dl,Element,HTML
doctype,Keyword,HTML
document,Keyword,JavaScript
dt,Element,HTML
em,Element,HTML
embed,Element,HTML
empty-cells,Property,CSS
enum,Keyword,JavaScript
eq,Keyword,JavaScript
escape,Keyword,JavaScript
eval,Keyword,JavaScript
event,Keyword,JavaScript
export,Keyword,JavaScript
extends,Keyword,JavaScript
fieldset,Element,HTML
figcaption,Element,HTML
figure,Element,HTML
file,Keyword,JavaScript
filter,Property,CSS
finally,Keyword,JavaScript
fixed,Keyword,CSS
flex,Property,CSS
flex-basis,Property,CSS
flex-direction,Property,CSS
flex-flow,Property,CSS
flex-grow,Property,CSS
flex-shrink,Property,CSS
flex-wrap,Property,CSS
float,Property,CSS
font,Property,CSS
font-family,Property,CSS
font-feature-settings,Property,CSS
font-kerning,Property,CSS
font-language-override,Property,CSS
font-size,Property,CSS
font-size-adjust,Property,CSS
font-stretch,Property,CSS
font-style,Property,CSS
font-synthesis,Property,CSS
font-variant,Property,CSS
font-variant-alternates,Property,CSS
font-variant-caps,Property,CSS
font-variant-east-asian,Property,CSS
font-variant-ligatures,Property,CSS
font-variant-numeric,Property,CSS
font-variant-position,Property,CSS
font-weight,Property,CSS
footer,Element,HTML
for,Keyword,JavaScript
form,Element,HTML
frame,Element,HTML
frameset,Element,HTML
function,Keyword,JavaScript
gap,Property,CSS
grid,Property,CSS
grid-area,Property,CSS
grid-auto-columns,Property,CSS
grid-auto-flow,Property,CSS
grid-auto-rows,Property,CSS
grid-column,Property,CSS
grid-column-end,Property,CSS
grid-column-gap,Property,CSS
grid-column-start,Property,CSS
grid-gap,Property,CSS
grid-row,Property,CSS
grid-row-end,Property,CSS
grid-row-gap,Property,CSS
grid-row-start,Property,CSS
grid-template,Property,CSS
grid-template-areas,Property,CSS
grid-template-columns,Property,CSS
grid-template-rows,Property,CSS
group,Keyword,JavaScript
h1,Element,HTML
h2,Element,HTML
h3,Element,HTML
h4,Element,HTML
h5,Element,HTML
h6,Element,HTML
head,Element,HTML
header,Element,HTML
height,Property,CSS
hidden,Attribute,HTML
hr,Element,HTML
html,Element,HTML
i,Element,HTML
iframe,Element,HTML
if,Keyword,JavaScript
implements,Keyword,JavaScript
import,Keyword,JavaScript
in,Keyword,JavaScript
include,Keyword,JavaScript
index,Keyword,JavaScript
inherit,Keyword,CSS
inline,Keyword,CSS
input,Element,HTML
ins,Element,HTML
integer,Keyword,JavaScript
interface,Keyword,JavaScript
is,Keyword,JavaScript
isolation,Property,CSS
justify-content,Property,CSS
kbd,Element,HTML
keygen,Element,HTML
label,Element,HTML
language,Keyword,JavaScript
layout,Keyword,CSS
left,Property,CSS
legend,Element,HTML
let,Keyword,JavaScript
letter-spacing,Property,CSS
li,Element,HTML
line-break,Property,CSS
line-height,Property,CSS
linear-gradient,Keyword,CSS
link,Element,HTML
list-style,Property,CSS
list-style-image,Property,CSS
list-style-position,Property,CSS
list-style-type,Property,CSS
ln,Keyword,JavaScript
load,Keyword,JavaScript
local,Keyword,JavaScript
long,Keyword,JavaScript
main,Element,HTML
map,Element,HTML
margin,Property,CSS
margin-bottom,Property,CSS
margin-left,Property,CSS
margin-right,Property,CSS
margin-top,Property,CSS
mark,Element,HTML
mask,Property,CSS
mask-border,Property,CSS
mask-clip,Property,CSS
mask-composite,Property,CSS
mask-image,Property,CSS
mask-mode,Property,CSS
mask-origin,Property,CSS
mask-position,Property,CSS
mask-repeat,Property,CSS
mask-size,Property,CSS
mask-type,Property,CSS
match,Keyword,JavaScript
max,Keyword,JavaScript
max-height,Property,CSS
max-width,Property,CSS
media,Keyword,CSS
menu,Element,HTML
menuitem,Element,HTML
meta,Element,HTML
meter,Element,HTML
min-height,Property,CSS
min-width,Property,CSS
mix-blend-mode,Property,CSS
module,Keyword,JavaScript
motion,Keyword,CSS
move,Keyword,JavaScript
multiple,Attribute,HTML
muted,Attribute,HTML
name,Attribute,HTML
namespace,Keyword,JavaScript
nav,Element,HTML
negative,Keyword,CSS
new,Keyword,JavaScript
noembed,Element,HTML
noframes,Element,HTML
noscript,Element,HTML
not,Keyword,CSS
object,Element,HTML
object-fit,Property,CSS
object-position,Property,CSS
observe,Keyword,JavaScript
offset,Property,CSS
offset-anchor,Property,CSS
offset-distance,Property,CSS
offset-path,Property,CSS
offset-rotate,Property,CSS
opacity,Property,CSS
open,Attribute,HTML
option,Element,HTML
optgroup,Element,HTML
output,Element,HTML
overflow,Property,CSS
overflow-anchor,Property,CSS
overflow-wrap,Property,CSS
overflow-x,Property,CSS
overflow-y,Property,CSS
p,Element,HTML
padding,Property,CSS
padding-bottom,Property,CSS
padding-left,Property,CSS
padding-right,Property,CSS
padding-top,Property,CSS
page-break-after,Property,CSS
page-break-before,Property,CSS
page-break-inside,Property,CSS
param,Element,HTML
parent,Keyword,JavaScript
pattern,Attribute,HTML
pause,Keyword,JavaScript
perspective,Property,CSS
perspective-origin,Property,CSS
picture,Element,HTML
placeholder,Attribute,HTML
plaintext,Element,HTML
pointer-events,Property,CSS
polygon,Keyword,CSS
position,Property,CSS
pre,Element,HTML
prefix,Keyword,JavaScript
print,Keyword,JavaScript
private,Keyword,JavaScript
progress,Element,HTML
Promise,Keyword,JavaScript
property,Keyword,JavaScript
protected,Keyword,JavaScript
public,Keyword,JavaScript
q,Element,HTML
querySelector,Keyword,JavaScript
radial-gradient,Keyword,CSS
radio,Attribute,HTML
readonly,Attribute,HTML
rect,Keyword,CSS
reduce,Keyword,JavaScript
relative,Keyword,CSS
rem,Keyword,CSS
repeat,Keyword,CSS
replace,Keyword,JavaScript
resize,Property,CSS
return,Keyword,JavaScript
revert,Keyword,CSS
right,Property,CSS
rotate,Keyword,CSS
row,Keyword,CSS
row-gap,Property,CSS
rp,Element,HTML
rt,Element,HTML
ruby,Element,HTML
s,Element,HTML
samp,Element,HTML
script,Element,HTML
scroll,Keyword,JavaScript
scroll-behavior,Property,CSS
scroll-margin,Property,CSS
scroll-margin-block,Property,CSS
scroll-margin-block-end,Property,CSS
scroll-margin-block-start,Property,CSS
scroll-margin-bottom,Property,CSS
scroll-margin-inline,Property,CSS
scroll-margin-inline-end,Property,CSS
scroll-margin-inline-start,Property,CSS
scroll-margin-left,Property,CSS
scroll-margin-right,Property,CSS
scroll-margin-top,Property,CSS
scroll-padding,Property,CSS
scroll-padding-block,Property,CSS
scroll-padding-block-end,Property,CSS
scroll-padding-block-start,Property,CSS
scroll-padding-bottom,Property,CSS
scroll-padding-inline,Property,CSS
scroll-padding-inline-end,Property,CSS
scroll-padding-inline-start,Property,CSS
scroll-padding-left,Property,CSS
scroll-padding-right,Property,CSS
scroll-padding-top,Property,CSS
scroll-snap-align,Property,CSS
scroll-snap-stop,Property,CSS
scroll-snap-type,Property,CSS
section,Element,HTML
select,Element,HTML
self,Keyword,JavaScript
sep,Keyword,JavaScript
set,Keyword,JavaScript
shadow,Keyword,CSS
small,Element,HTML
source,Element,HTML
span,Element,HTML
src,Attribute,HTML
static,Keyword,CSS
strike,Element,HTML
strong,Element,HTML
style,Element,HTML
sub,Element,HTML
summary,Element,HTML
sup,Element,HTML
switch,Keyword,JavaScript
symbol,Keyword,JavaScript
table,Element,HTML
tbody,Element,HTML
td,Element,HTML
template,Element,HTML
textarea,Element,HTML
tfoot,Element,HTML
th,Element,HTML
thead,Element,HTML
time,Element,HTML
title,Element,HTML
tr,Element,HTML
track,Element,HTML
transform,Property,CSS
transform-box,Property,CSS
transform-origin,Property,CSS
transform-style,Property,CSS
transition,Property,CSS
transition-delay,Property,CSS
transition-duration,Property,CSS
transition-property,Property,CSS
transition-timing-function,Property,CSS
translate,Keyword,CSS
true,Keyword,JavaScript
try,Keyword,JavaScript
tt,Element,HTML
type,Attribute,HTML
u,Element,HTML
ul,Element,HTML
unicode-bidi,Property,CSS
uniform,Keyword,JavaScript
unknown,Keyword,JavaScript
unset,Keyword,CSS
url,Keyword,CSS
use,Element,HTML
user-select,Property,CSS
var,Keyword,JavaScript
var,Element,HTML
vertical-align,Property,CSS
video,Element,HTML
visibility,Property,CSS
void,Keyword,JavaScript
vol,Keyword,JavaScript
volume,Keyword,JavaScript
vspace,Attribute,HTML
wbr,Element,HTML
webkit,Keyword,CSS
while,Keyword,JavaScript
white-space,Property,CSS
width,Property,CSS
window,Keyword,JavaScript
word-break,Property,CSS
word-spacing,Property,CSS
word-wrap,Property,CSS
wrap,Keyword,CSS
write,Keyword,JavaScript
x,Keyword,JavaScript
xlink,Attribute,HTML
xml,Attribute,HTML
xml:lang,Attribute,HTML
xmlns,Attribute,HTML
y,Keyword,JavaScript
z-index,Property,CSS
abbr,Attribute,HTML
accept,Attribute,HTML
accept-charset,Attribute,HTML
accesskey,Attribute,HTML
action,Attribute,HTML
align,Attribute,HTML
allow,Attribute,HTML
alt,Attribute,HTML
async,Attribute,HTML
autocapitalize,Attribute,HTML
autocomplete,Attribute,HTML
autofocus,Attribute,HTML
autoplay,Attribute,HTML
bgcolor,Attribute,HTML
border,Attribute,HTML
charset,Attribute,HTML
checked,Attribute,HTML
cite,Attribute,HTML
color,Attribute,HTML
cols,Attribute,HTML
colspan,Attribute,HTML
contenteditable,Attribute,HTML
controls,Attribute,HTML
coords,Attribute,HTML
crossorigin,Attribute,HTML
datetime,Attribute,HTML
decoding,Attribute,HTML
default,Attribute,HTML
defer,Attribute,HTML
dir,Attribute,HTML
dirname,Attribute,HTML
disabled,Attribute,HTML
download,Attribute,HTML
draggable,Attribute,HTML
enctype,Attribute,HTML
enterkeyhint,Attribute,HTML
fetchpriority,Attribute,HTML
formaction,Attribute,HTML
formenctype,Attribute,HTML
formmethod,Attribute,HTML
formnovalidate,Attribute,HTML
formtarget,Attribute,HTML
headers,Attribute,HTML
height,Attribute,HTML
hidden,Attribute,HTML
high,Attribute,HTML
href,Attribute,HTML
hreflang,Attribute,HTML
http-equiv,Attribute,HTML
id,Attribute,HTML
importance,Attribute,HTML
integrity,Attribute,HTML
ismap,Attribute,HTML
kind,Attribute,HTML
label,Attribute,HTML
lang,Attribute,HTML
loading,Attribute,HTML
list,Attribute,HTML
loop,Attribute,HTML
low,Attribute,HTML
max,Attribute,HTML
maxlength,Attribute,HTML
minlength,Attribute,HTML
media,Attribute,HTML
method,Attribute,HTML
min,Attribute,HTML
multiple,Attribute,HTML
muted,Attribute,HTML
name,Attribute,HTML
novalidate,Attribute,HTML
open,Attribute,HTML
optimum,Attribute,HTML
pattern,Attribute,HTML
ping,Attribute,HTML
placeholder,Attribute,HTML
playsinline,Attribute,HTML
poster,Attribute,HTML
preload,Attribute,HTML
readonly,Attribute,HTML
referrerpolicy,Attribute,HTML
rel,Attribute,HTML
required,Attribute,HTML
reversed,Attribute,HTML
rows,Attribute,HTML
rowspan,Attribute,HTML
sandbox,Attribute,HTML
scope,Attribute,HTML
selected,Attribute,HTML
shape,Attribute,HTML
size,Attribute,HTML
slot,Attribute,HTML
span,Attribute,HTML
spellcheck,Attribute,HTML
src,Attribute,HTML
srcdoc,Attribute,HTML
srclang,Attribute,HTML
srcset,Attribute,HTML
start,Attribute,HTML
step,Attribute,HTML
style,Attribute,HTML
tabindex,Attribute,HTML
target,Attribute,HTML
title,Attribute,HTML
translate,Attribute,HTML
type,Attribute,HTML
usemap,Attribute,HTML
value,Attribute,HTML
width,Attribute,HTML
wrap,Attribute,HTML
accept,Attribute,HTML
accept-charset,Attribute,HTML
accesskey,Attribute,HTML
action,Attribute,HTML
allow,Attribute,HTML
alt,Attribute,HTML
as,Attribute,HTML
async,Attribute,HTML
autocapitalize,Attribute,HTML
autocomplete,Attribute,HTML
autofocus,Attribute,HTML
autoplay,Attribute,HTML
background,Attribute,HTML
bgcolor,Attribute,HTML
border,Attribute,HTML
buffered,Attribute,HTML
capture,Attribute,HTML
challenge,Attribute,HTML
charset,Attribute,HTML
checked,Attribute,HTML
cite,Attribute,HTML
class,Attribute,HTML
code,Attribute,HTML
codebase,Attribute,HTML
color,Attribute,HTML
cols,Attribute,HTML
colspan,Attribute,HTML
command,Attribute,HTML
compact,Attribute,HTML




















































